email addresses,passwords
jamhoope@gmail.com,112-73Hoopes
terming@gmail.com,6cbD<cyo62
migmil@gmail.com,610SheldonClintYork76
jessdun@gmail.com,=9997Jesse
joedevil2174@gmail.com,$13168Joe
patrisoul@gmail.com,Exhibitionflowering
radams@gmail.com,YearCadillacbumpedAbd
areyes568@gmail.com,|71085Reyes
donbynum1724@gmail.com,camp##aley60
jasonjohnson@gmail.com,##fting175758
shannonl@gmail.com,'10458LShannon
emilycas7621@gmail.com,726985CEmil
pteixeira@gmail.com,scenesforcefullymilitant
msteen93@gmail.com,syrupBerlin2519946
doumarli@gmail.com,Fabianspermmovementcalculus
ternelso@gmail.com,42~46Nelson
daphngonza@gmail.com,~5#47Daphn
floydpey@gmail.com,Floyd#69
geobur@gmail.com,twistingseparation
josephp@gmail.com,367$92Pacheco
ndeck@gmail.com,Dixie##ftersChampionsinfants28
renatselle91@gmail.com,31~44Renata
danierobe@gmail.com,)23&53Danielle
josewue@gmail.com,^83{34Jose
rebectre@gmail.com,%'*L8*_2+V(50
dustinn@gmail.com,Y6O0[YP^0F47PAO[12
ralphs@gmail.com,+82+25Ralph
jeffoutma@gmail.com,",70_92Jeff"
jchadwell39@yahoo.co.uk,MalayalamDeathLin##versing83
davidshr@yahoo.com,burntDu##iqueStefano14
raymwil@gmail.com,j}AOpkM.mb%37
berthah03@gmail.com,"328""36Hoffman"
kennemoreno@gmail.com,_70%78Moreno
rachelp@gmail.com,e14J8uD&W53:%a80
kward@gmail.com,47baseballvarietyFélix74
vondawoma@yahoo.com,Vonda884
emilmidd@gmail.com,avenuepigs
avabaker@yahoo.co.uk,##uangFoods##vant28
steper@gmail.com,k@07<jPESxWix89
caroljer@gmail.com,considerMinorityAnnsupported
ronalrhone@gmail.com,"/2mw|,F7eTieR72"
lfields6788@gmail.com,speculated##ivaloving##coach60
rayvanno@gmail.com,",76$27Raymond"
davgalva@gmail.com,68/83David
karenburk@gmail.com,818=98Kar
ruthhir@gmail.com,#REF!
kimbryant@gmail.com,\o8Va](}hm7VLg360
christopherf@yahoo.com,)6nTZP%9oiW<3+40
margawas07085@gmail.com,"@73,45Margaret"
janihain9@gmail.com,.10`37Haines
dudlepeas@gmail.com,light225ElderWatkins77
abbyh@gmail.com,!51.12Hess
davidr1890@gmail.com,997'97Davi
amasap@gmail.com,246&1Sapp
ricbisho@gmail.com,861744Bi
loisfer@gmail.com,assessing##xia16
robbej@gmail.com,##nishIEEEmapsBased26
jenngiff0372@gmail.com,~34'57Gifford
rayyelt@gmail.com,releasedTucsonsensory
carstoughton@gmail.com,carvedeverywhere
aharrison@gmail.com,728'55Arthur
jaceswe08@gmail.com,fundEmiratesweaknessesBasil
thomaschmidt@gmail.com,Tropicalcorrectioncleardazed
francesstev@gmail.com,E7Kjmm>3n97
ellcriss@gmail.com,Nfl|o8HxVj478
ashlrowe@gmail.com,>74275Rowe
joshdubi@gmail.com,Createdoccurrence##pper68
slegere@gmail.com,"c""JRC-0_\5"
craihath092@gmail.com,dollars##otivegraduated55
fdickson@gmail.com,occurrencemisery
alexstewa@gmail.com,ConTribe##ittle##diction13
timash@gmail.com,interfereRocketsBadelsewhere
michahowar@gmail.com,}93`74Michael
richardn@gmail.com,<59Nichols36
luemcc@gmail.com,",68,95Mccros"
julirob@gmail.com,}96$76Julio
psorensen@gmail.com,4AG=]j7ld36
ctardif315@gmail.com,141^30Tard
moniquealvares@gmail.com,?84560Alvar
albehayden06394@gmail.com,staredsink
orvalneonakis792@gmail.com,watchedBarrconsistency
irmfisher@gmail.com,167#14Fisher
tamante@gmail.com,#NAME?
tednewh@gmail.com,`83-18Ted
kimberlydeal@gmail.com,"UU[xavjpzfSxr&""84"
alanv@gmail.com,##pmtappingkeeps24
daniemay@gmail.com,&24.35Dan
gilbertm@gmail.com,(83'43GGilbe
deborahjoyner@gmail.com,1848planted53
fredrickgof@gmail.com,mvVU-pF+44
bertdun@gmail.com,reggaephotographer##ting##rings64
rafaelj@gmail.com,struggle##serUFC84
jamesloo03406@gmail.com,",62081James"
jeanalamson@gmail.com,f|UAR8E:f3?Y/zu83
courtliptr@gmail.com,plannedsage
esterbirden@gmail.com,psychologicalDodgers##ilitating65
larryelliott584@gmail.com,%18\91LLarry
kriscasb@gmail.com,killerincorporate##olly33
robertboyd34@gmail.com,knowinginstitutedmodifiedlifting
wilmann@gmail.com,cousinNSA
patrvann@gmail.com,##egroDominion##ying75
jonasimon@gmail.com,!29]93Jonat
erviwrig@gmail.com,<54#67Wright
marcial@gmail.com,##atesWeirCallum##sto10
vinchinch@gmail.com,]zXoAGyosy21
jessem@gmail.com,becomePrentice
kristinabar74@gmail.com,s97Gfkxf83
darrell@gmail.com,674[68Ellis
jackvill@gmail.com,~76697Vil
annagusm@gmail.com,coupleposters##herence26
nelliew@gmail.com,",77#4Walsh"
brucemille@gmail.com,truthMatchCarpenter
exiesand@yahoo.co.uk,622634Sanders
ppelletier@gmail.com,paintedarchitectural##com51
aaronadams@gmail.com,_73-29Adams
virgtidwell@gmail.com,762144Virgini
johnforsy@gmail.com,793(76Jo
darylcam@gmail.com,[83_75Daryl
ericaschip093@gmail.com,*48$1ScSchipper
rodneyjon@gmail.com,bk0Y_RpETQ56
kellcowa@gmail.com,AboutJudiciaryContemporary
justaellio@gmail.com,$15+86Ellio
josberg@gmail.com,##bolt##foldbreathed##loop44
carkimme@gmail.com,498?53Kimmel
emogkatz170@gmail.com,contributesare
angjack@gmail.com,983!98Angelo
carfre@gmail.com,Hanoverseemawkwardly
kimberlyt@gmail.com,-6*60Turk
cpalmer6@gmail.com,N?sMSXxHX3F`bF^}34
blaplatt@gmail.com,entrepreneursurf##spaceDesigner33
luisd@gmail.com,/86@51Luis
arlabuaita@gmail.com,336@96Abuaita
johnrusko@gmail.com,buyerruin
tonys03887@gmail.com,864|83Sadan
rlotti97@gmail.com,recreationalscreenplayCommunists
donnajones@gmail.com,]22.59Donna
linramse@gmail.com,##iacourLights57
robertc024@gmail.com,##icideQuran50
whitneystep@gmail.com,monopolywouldnsteamed
shagonzales@gmail.com,/79Shawngonzales91
ebarone@gmail.com,"d8iMA%DJxW""8"
julianasmit@yahoo.com,##tchpictures##sance25
phillwashington58@gmail.com,")91,56Wa"
johndah@gmail.com,GasrailroadsCongress
morrisim@gmail.com,{40!73Morri
lorrainem14@gmail.com,}36@46Lor
kelshu@gmail.com,limp##thermallearns70
kathyumland96@gmail.com,Kathy!99
jamesanderson@gmail.com,geographicallyimpliesstench
stamcgi@gmail.com,833%32Mcg
frankcoop@gmail.com,820929Cooper
smara@gmail.com,&86665Mara
cbatton@gmail.com,existsRamseypreacherfaction
lesleyd20@gmail.com,+90)30Davi
susadel@gmail.com,-63536Susa
normaohara125@gmail.com,##zor##о24
briantorr@gmail.com,-31.83Torres
mardeco0228@gmail.com,##poweringstealsWhilst##sz59
marcon@gmail.com,##rou##asterfishaffordable65
debyash@gmail.com,]81-49Yashins
ritasearcy@gmail.com,consolesWomenset##rton44
linlagrimas@gmail.com,SmithInfrastructure##dialCT50
brianharp@gmail.com,15125BBria
keniton@gmail.com,\Z}(W@K'R>41SE66
angebernal@gmail.com,)55:53Angela
shaunagray@gmail.com,r[I-M./}C:PY87
annagriffith@gmail.com,898?91Anna
jendelan@gmail.com,6&^R3pOh.37
robermor8@gmail.com,;34>92Moreira
rudylybrand@gmail.com,|34\12Lybrand
chrpit@gmail.com,770022PPittman
juanberto@gmail.com,582JuanBertozzi98
judithcol@gmail.com,\16676Cole
darylcorson@gmail.com,=63691Co
freddan@gmail.com,)14`48Fre
daviver@hotmail.com,##odyHobartterminals13
ianmcdermott24@gmail.com,##tyDot60
carmenc309@gmail.com,incorporatesserious##bredknight31
dorotaher029@gmail.com,NsBQ'8Pa!NUg36
nicholasamos@hotmail.com,Eugenemockengagingcommencement
hkuhnle@yahoo.com,leadership##tideLeafs66
katehusba@gmail.com,618~13KHusband
pcurtis@gmail.com,leadPreviouslygraves
gregorybyford@gmail.com,72}60Byford
tiffvoss@gmail.com,##NS##lide62
glendab@gmail.com,soonerdem##diation98
stephpet@gmail.com,@27729Stephen
bkeaton2683@gmail.com,relatespit##rickCurrie12
tinabyrd@gmail.com,electorssooner
kvoris@gmail.com,##00gorgeEighth16
laynet@gmail.com,swing##pher38
davidtiern@gmail.com,##hawclips5
amyarms@gmail.com,]4811AArmstrong
glenking@gmail.com,|21.44King
jerryr6419@gmail.com,{31.37Razo
elawal@gmail.com,/54>75Elai
loates@gmail.com,?63)37Oates
kennewhi09054@gmail.com,regentSentinel
gregrow61@gmail.com,Leigh##ridgehorrible19
richwoo066@gmail.com,Ezra73713
verflo@gmail.com,-94^82Flores
rickjon@gmail.com,"""82151Rick"
vickiemart135@gmail.com,887439Martir
jcotton@gmail.com,"$33""13Cotton"
isullivan@gmail.com,"%19""4Irene"
cdelgadillo@gmail.com,117gable##ero61
slowther@gmail.com,74>71Sarah
bevergosz@gmail.com,"KFq5JgqAJV""pm;5G17"
kimnob@yahoo.com,184groanCrambidaeyourself83
mfountain@gmail.com,intellectualMessage
elijohnson@gmail.com,]29|17Eliz
johcha@gmail.com,[40John31
kristena@gmail.com,:81+57Ala
georgenic@gmail.com,[48?68Nichols
atownsend@gmail.com,=69%59Townsend
georwor@gmail.com,"<77""40Worrell"
sabrigrogan@gmail.com,collaboratorsBombardmentballoonWoodland
alberwhit@gmail.com,]82_41Whitac
fredbanda@gmail.com,Banda679
julianc@gmail.com,080269Ju
elvisjenkins@gmail.com,(78~91Elvis
benjvarney@gmail.com,;28$45Benjami
lewviet@gmail.com,mountainsung
charsimons@gmail.com,RightsTeachersTauConnell
fredericlauri@gmail.com,BridgesMadhyawidow##edestal47
cherishr077@gmail.com,$20=13Cherish
lindharris@gmail.com,59|19Linda
sherbake@gmail.com,091>31Sheri
michelleroot@gmail.com,Evaluationbehaviorcharm
helensullivan@gmail.com,_83/28Helen
bertphel9137@gmail.com,Sorry##amsCupsIATA75
michaelsnow@yahoo.com,[80728Michael
rstoner069@gmail.com,;81048Stoner
sparkcra@gmail.com,CharlotteGiftbrewery
earlbenincase@gmail.com,"+53,31Be"
barbaratrim@gmail.com,raging##caleresolved48
demetriahin@gmail.com,finewanting
johluu@gmail.com,heelcontroversialstyling191933
gigidiaz3@gmail.com,;46371Diaz
sharoprinc@gmail.com,opportunitySAS##belFrancesca5
rodmccl2496@gmail.com,floralLigue
lindamcnol4956@gmail.com,Lindamcnolty@24
roymen@gmail.com,220Mendoza20
nanedel79@gmail.com,MedalTimestruggles##tem79
bilshii@hotmail.com,614133Billy
rogepoun@gmail.com,`23|50Rog
kaydenning@gmail.com,]bOVu8Y!:b7Q67
ronhorst@yahoo.co.uk,Yiddish##gnate9
sandynewm@gmail.com,=37<63Sandy
joeford@gmail.com,+26447Joe
sarab@gmail.com,"yGdiK=4,F:Ac820"
pennybuckhannon47@gmail.com,~94783Penny
patrfull061@gmail.com,580!14Patricia
virgmor@gmail.com,##dives##hmannvisibility##yric89
chrisvel@gmail.com,RacingSoap
sarahporte@gmail.com,{14945Sarah
amawil@gmail.com,LéonchoreographyNagoya
molliej@gmail.com,;90159Jones
ashlclifton@gmail.com,helpsMerchant
nicbra@gmail.com,1700implements97
roberlaux75@gmail.com,##céeTraditional48
petray@gmail.com,831@46Ray
johgla@gmail.com,arrowexcess
ashtho@gmail.com,curving##евич76
vickymiller08217@gmail.com,"397""48MMiller"
elizacrandall@gmail.com,/89=66Eli
stanwago@gmail.com,"eT[MZJlQkgr7W,Z39"
ryanbrown@gmail.com,convoyinsectreassure
vinluna@gmail.com,departTurnBolognaTruth
hazelmower@gmail.com,Beatles##dened76
mmartin@gmail.com,differentiatedBroncos
richaglove@gmail.com,Rite##sodelaysMets22
ryanosb@gmail.com,not15thHalifax94
canaya@gmail.com,resistingalternatingminors
richei@gmail.com,slicesometimesactors
gabrhedrick@gmail.com,e1~006q6Bj7AZ54
roberdavis@gmail.com,%24/90Davi
jeffreyf@gmail.com,;65$67Fa
dawnwind@gmail.com,=81;99Windish
andrewh@gmail.com,235(24An
sherrgarin@gmail.com,##rricularapparatus24
brejacks@gmail.com,##isticeperiodicalscropsranch72
williamjacks@gmail.com,+41116William
mattgore070@gmail.com,##48ValenciaReillyBrien22
nanmccar@gmail.com,280027Mccarthy
eragood682@gmail.com,+15>24Goo
terryhughes0965@gmail.com,##ashclaws94
mpaya@gmail.com,^5*86Pay
earlimcgi@gmail.com,reformedmurmur
karenrone@gmail.com,768?81Karen
jthompson@gmail.com,?s*b`VQn22
dhaugh@gmail.com,598Dianahaugh49
hjohnson2@gmail.com,nephewinvestShellbored
wmoore06954@gmail.com,"""56~58Wil"
amysing@gmail.com,##yt##pelling8
lidiarob@gmail.com,ThinStatus
jamesgran75@gmail.com,?1!73James
michzumbrunnen07074@gmail.com,/>FzyE!y>GQt86D?1
nicolsel@gmail.com,##lean1878##oir12
patriciachandler@gmail.com,##lahGiveWasteRacecourse18
jimd@gmail.com,##whilesaying35
brancalderon@gmail.com,generator##roftbriefcasefond42
elizgior@gmail.com,##moorMarcosgoats16
joyloat@gmail.com,pleadedkindssymmetry
aurorah@gmail.com,2l[W;^+Uf86
jodiehig@gmail.com,outlined1771##llenSchool97
angelc@gmail.com,##aguehearing##nágoalkeeper13
debrak@gmail.com,"""11355Debra"
jeanbla@gmail.com,ftPeterborough
kathrsim@gmail.com,$13320Kathryn
kenngra46@gmail.com,`98380Kenn
fredlew124@gmail.com,;44!99Fred
smcgovern0@gmail.com,momHelplegacy
louislasur@gmail.com,^90\36Louis
sanlaro@gmail.com,"""64|2SaSandra"
jhernandez@gmail.com,Tigerslogs##ipur19
kardoyle@gmail.com,144]16KDoy
timjorg@gmail.com,adsWuJorgensen
brakosi@gmail.com,greaterresurrection##SA73
helwood@gmail.com,&69\31Woo
donnacol@gmail.com,!89344Coleman
tomloyd@yahoo.co.uk,bodyguardSarasurfolks
peggycharron0686@gmail.com,##oration380Overseas68
ldampier@gmail.com,+14-31Damp
erictart@gmail.com,disposal##oniIntroductionsorry20
katherineb@gmail.com,;10/66Katherin
donniluca@gmail.com,"Cd$VR""sv3Q}s:E792"
kmerkle@gmail.com,grossedhelpfulBirch
andrealewis@gmail.com,&31[76Andrea
jessigerha@gmail.com,kUHHanmiXN9ieW24
antboyd@gmail.com,s'XV^FX0v56
douglrob@gmail.com,##eanut##verted5
jackgunter@gmail.com,}22@97Gunter
jerimarti@gmail.com,##sha##brandprosperouschemicals96
imelmcdermott@gmail.com,Wise##ivingBed79
markstone@gmail.com,#NAME?
gilbekahrs@gmail.com,"/90""41Kahrs"
florcash@gmail.com,champion##akecliffs56
jennistump@gmail.com,:4667Stump
bettyw0738@gmail.com,previous##ubi##ager32
iandalrymple@gmail.com,##OTgenerators##boeFlat18
barloepp@gmail.com,+52/7Loepp
rickyjuli@gmail.com,[62)92Jul
coranat@gmail.com,*53<34Cora
georvick@gmail.com,LpVQ15/R85
victpere@gmail.com,Qualifiedphrase
bmarks05961@gmail.com,jokes##olCrusaders61
melahl@gmail.com,^97!41Melan
willirobinson@gmail.com,Agreement##iler60
joshuahega@gmail.com,##runnerMunicipaladdedTherapy73
davidy786@gmail.com,"LPSE|is[,xp2qZ57"
krialsto@gmail.com,783812Al
sanrudol04573@gmail.com,Stick##nam47
bradfjobe@gmail.com,97;65Bra
ajacobs@gmail.com,##enbachdeathsCrambidaeemerges96
micbradley@gmail.com,techniciansynagogueHerzegovina
kathjaye@gmail.com,DJZZq5OSs90
dorimarti@gmail.com,masculinearmoredPorter
martgarci@gmail.com,LUw|&kR-zl3
kathmcdow@gmail.com,"@OAjiqC,47v091"
brianh90@gmail.com,|88013Ha
ctumlin@gmail.com,395%68Tumlin
octavsoriano@gmail.com,669[25OOctavia
richardrid@gmail.com,iUDC2*in\5cE8@337
jrodriguez@gmail.com,(31!60Josh
luthezam0787@gmail.com,K6Xy!h5Q}HT74
pamdruc@gmail.com,Pamdruck&63
markhelt@gmail.com,|56079Mark
ruthmarc@gmail.com,poundedDoublenails
tillhines@gmail.com,##vasclosing##nden63
enedric@yahoo.com,?48]16Richa
kimg@gmail.com,&73920Ki
blakepeterson@gmail.com,flatlyswitchingdeclaringGeorgie
dbecnel@gmail.com,<42$15Doro
kirbyestrada@gmail.com,746295Ki
kathyriley@gmail.com,@43;2Riley
thomaswint@gmail.com,365.48Winter
bettnel@gmail.com,"!xg,paeB91"
troyrasc@gmail.com,55960Rasco
henrwild@gmail.com,##opingThompsonGirlbio46
mariapowe@gmail.com,@16+63Powell
leocol@gmail.com,Fewinvading
ronacat@gmail.com,",74,76Ro"
josegibs@gmail.com,##vrerainforest77
jerrysanders@gmail.com,]14;55San
mariswi@gmail.com,rBiM8NysL3$89
tiffanym@gmail.com,pt7dHB&%dab26
dianwats@yahoo.com,##fillolder13
ramonbalentine@gmail.com,Tavernconvoys
alanham@gmail.com,|76#99Ham
stellajiles@gmail.com,455@34Stella
arthujagg@gmail.com,321$38JJagge
frawhiti@gmail.com,|39667Frank
debroma3661@gmail.com,joL]4Kp@f57
feliciakruse@gmail.com,34410Felicia
efaughnan@gmail.com,Faughnan@15
wilsmi8017@gmail.com,aged##foottortureoffspring46
armanmcl@gmail.com,15`41Mcl
aprwimbe@gmail.com,159^52Wimber
janerestr@gmail.com,##patientlobby##ATregulate18
donaldlacaz@gmail.com,rejection##veningCommunity51
marianbrume@yahoo.co.uk,zooRevivalscrewedoppression
jennihope@gmail.com,MTU4Xq0U\dUIX77
adesal7@gmail.com,completingMacArthurSalisbury
branros@gmail.com,lectureexpelled
ernzocklein@gmail.com,]59|79Zoc
jeromegray@gmail.com,244049Jerom
jamessim@gmail.com,/61480Simmons
marmerritt@gmail.com,980#63Merr
josephewe049@gmail.com,%10031Hewett
beatriceruthe088@gmail.com,SabhaSeattle
johncon@gmail.com,disciplinesdeveloper
dawnmoor536@gmail.com,;12+48Dawn
dorisn7026@gmail.com,Raphael##uve78
vinschae@gmail.com,##lusion##linaryzoneSport1
kevinjohnson@gmail.com,abandonWorcestershire
carolfuqu@gmail.com,KewhitesSean##scher78
tridennis770@gmail.com,Comesrabbi
johnmull@gmail.com,$64/40Muller
dales@gmail.com,CQP;UYZ1*7%120
sheiltavo@gmail.com,95@39Tavolario
jenniferb@gmail.com,557&6Balado
larryg@gmail.com,/K[CFuj.oaaJ41
donalande050@gmail.com,TerminalmassiveRams
antoinetteeth@gmail.com,LabsliningFishingperpendicular
bsavage033@gmail.com,",95;45Savage"
sharay@gmail.com,C42BMJU2tVv9oQk61
marjohns789@gmail.com,]38>59JJohn
vinrodri@gmail.com,)65=67Vincent
sly@gmail.com,?55!55SLy
lindatubbs@yahoo.co.uk,##rcleundergoing83
johnopp@gmail.com,(21/78OOpp
state08@gmail.com,\u}v6SICvEhJ35
mredenz@gmail.com,##dantgenes34
twinn@gmail.com,",76@15Winn"
christineeva250@gmail.com,681\76Evan
alicdoir448@gmail.com,X1Xcg@jO.aQI>TZ57
garblan@gmail.com,136[74Gary
amandstra@gmail.com,@11#33Aman
vickigray5048@gmail.com,"86,99Gray"
jonaholcomb@gmail.com,01+90JoJonathan
janap@gmail.com,~22)36Poquett
carmenh@gmail.com,drivewayConversely##hold50
donaliver@yahoo.com,considerExcuse
cherylp@gmail.com,Multigone15292
janipitcock@gmail.com,~18775Pitcock
gabberry@gmail.com,Championshipsaccumulated##fine1
donnewilso@gmail.com,274554DWilso
wurban@gmail.com,647138Wi
cleocarr6521@hotmail.com,switches##unkEventually73
jerperr@gmail.com,544-30Perry
shenderson346@gmail.com,StephenHenderson575
robertomangu@gmail.com,configurationsministryBusch
lindkarl@gmail.com,938}56Ka
jennishelquist@gmail.com,Jennifershelquist^14
johnjones@gmail.com,h1yDOj7Nj50
rachepot@gmail.com,/62;63Potts
thofein99@yahoo.co.uk,SampsonShawProtection
lorenmed@gmail.com,{81\98Lo
hdunbar785@gmail.com,engagedrecapturedinaugural
joelc@gmail.com,EleanorinvestedadjustedIEEE
phipie@gmail.com,720534Philip
vanessapaci@gmail.com,intermittentfeedswear
precicord@gmail.com,{89/20Precious
lelsa98@gmail.com,##clavedisliked28
davgooch@gmail.com,AlsoCheshireDuval
hectowalk@hotmail.com,##birdpublication93
michapin@gmail.com,;14+3Michael
georgeroger@gmail.com,P.%M|gV:81
gtapia02229@gmail.com,KeepingLiberty
yadiravald@gmail.com,Milanoaffected
gabblanchard@gmail.com,[9(84Bla
marvinf@gmail.com,compartmentAlfredwithout
carolstin@gmail.com,)98?65Sti
marjoriek@gmail.com,canal##ivated85
justsimon@gmail.com,Caspertilt
hughwilli@gmail.com,}45245Hugh
ericb@gmail.com,hunterscommunist##tled3
wjohnson@gmail.com,172046Jo
troylatsh@gmail.com,.83=86Latsha
garypaul@gmail.com,\39Paul98
ojones149@gmail.com,>71941Jones
kennethy@gmail.com,metabolismbasket1983Rican92
agnngu@gmail.com,-54-50Nguyen
jorgstark@gmail.com,cryinglifestyleGraysonOrion
jessipie@gmail.com,464_35Jes
francruss26@gmail.com,##sciencemastering35
davidj05439@gmail.com,promotedPlayed##ascosubstantially73
wensan@yahoo.com,>91}68Sanchez
fredh@gmail.com,healthyalternate
latrdoug@gmail.com,##ushinglosSoondioxide51
wilmakova@gmail.com,softinnocent##iftbleeding93
lonnimelv@hotmail.com,splashWCproudly
kimcyr@gmail.com,##keepinginfamous64
thomaedwards@gmail.com,1894DuncanGarrett84
jermau@gmail.com,%62]26MMaupin
johannat9168@gmail.com,624;5Johann
soniazube@yahoo.com,#15&51So
mayawest@gmail.com,%69(36Maya
burtojac@gmail.com,-9512Jack
corbail@gmail.com,17871Cordell
frachan@gmail.com,#47;30Fra
emilyj@gmail.com,##vationsaccumulationLindseyborough51
sankeach@gmail.com,Releasedpower
amawel@gmail.com,326Weldon64
dmccaslin6477@gmail.com,unsure325bouldersdiner74
rnelson@yahoo.com,Nelson`82
alexgaines@gmail.com,'32@4GGa
donatk@gmail.com,",66498Donna"
holldow@gmail.com,Ashtonexaminations203Rossi37
scottramos@gmail.com,earthquakeUnderwoodAngels##eting66
dleonard@gmail.com,Conflict##nking##kov59
johnreek82@gmail.com,[43396John
paupea@gmail.com,captainedpracticesSecondary
lucjones07333@gmail.com,!96:29Lu
mathpere@gmail.com,!90330Perez
michaelr665@gmail.com,_24&61Robinson
gusthompson@gmail.com,Checkruled
roberharris@gmail.com,voluntaryIslamRourke
edisonw@gmail.com,536-96Woo
oscarjohn@gmail.com,Q!w3io%62
michaelhighsmith@gmail.com,`84{33Highsmith
theodoralit@gmail.com,'8:72Theodo
joecrayton@gmail.com,##OHcomfortingPenguinsdeadly2
paulajen@gmail.com,<23/25Jenkin
raymodev@gmail.com,",27RaymondDevlin0"
vanhall@gmail.com,Journey##boundraggedLisa71
danielhan@gmail.com,`59Hanley53
franbrea@gmail.com,&13278Brea
floyate@gmail.com,'21+4FlFlorinda
rosastudeny@gmail.com,advisercricket
michaelcla@gmail.com,Michael^81
joman@gmail.com,startsmelodies
debbiefleis@gmail.com,395049Fleish
kirknee0328@gmail.com,Buschgray##zio55
jameslut0227@gmail.com,spotlight##orVenetian##zes66
brianhar@gmail.com,ProducersMissileshifting##att65
agneshow@gmail.com,AgnesHowell+36
catherinek7880@gmail.com,Philcollar##IALyrics25
carwils@gmail.com,dash##shirtincludedDub76
kaliwill@gmail.com,83326Willey
cynthiathoma@gmail.com,SonnyaquaticLaws##agon31
lishoo@gmail.com,~7948LiLisa
nstewart@gmail.com,)10688Nancy
alberte@gmail.com,~13.57Erickson
jerrmellis@gmail.com,e7uPbs1CaN.Z150
sharbro@gmail.com,paperworkOz
carolmah@gmail.com,nsB3Vz=S)51li91
bonnieh@gmail.com,EmmaJudith
bobdail@gmail.com,vibrationinvisible##rienBoston33
susnystr@gmail.com,~35*80Nystro
jefferre@yahoo.com,Mountainsfoundationsnonetheless
charlenebra@gmail.com,poetngCBradley
brentmiesc@gmail.com,Brent260
davidglas@gmail.com,997470David
audreacos119@gmail.com,&90#77Acosta
keirothr@gmail.com,(81&7Rothro
lisafoste@gmail.com,piecesrepresent##ivingstranded66
theoferguson@gmail.com,>54097Ferguson
bettyfreem@gmail.com,alliancesOuroriginally
larrrosseau7002@gmail.com,##woreturn##ridereturns57
stom@gmail.com,Panama##gotSino99
margumor@yahoo.com,236836Morey
jmoore@gmail.com,##waynenamed##umi31
emmapeter@gmail.com,799262Emma
dbledsoe@gmail.com,836_37Don
jerooppegard@yahoo.com,{0~70Oppegard
tamram@gmail.com,cosmic##ekaliesTurin40
fweeks@gmail.com,461@99FFrank
vichawle@gmail.com,Victor)21
angelam@gmail.com,7d<W6vsE5y+ap=h78
ambermassa@gmail.com,##epLauSoldiersAnders90
fernagar@gmail.com,##locatingdamaged53
timothyrichardson1970@gmail.com,Timothy34246570
letlinds@gmail.com,A9DWPMPLB+Kz0c1Q51
carolr@gmail.com,UKboQ*:C59
georhancock@gmail.com,mvlbhW`tUo58
coreyher6341@gmail.com,<xltJPKvBi!yEsD32
suzanrap@gmail.com,priesthoodconsider
debrac@gmail.com,97550Capossela
angeall@gmail.com,$44066Angeli
rayhug@gmail.com,secrecy##ilize25
robbeam@gmail.com,threadsBaker##thermal65
chrdea@gmail.com,dying##ritamanage77
lismile@gmail.com,ceasedmaintains##uch4
jamesnicke@gmail.com,596415Ni
rolandd@gmail.com,consequentlydeciduous
ashleknight@gmail.com,##gobeyond68
josladn@yahoo.com,##poSovietworm65
dinapyon@gmail.com,279.69Dina
chesker@gmail.com,beautifulsofaHit##uri73
hattiem14@gmail.com,612_12Hattie
frekuns@gmail.com,LucianoLennonrough##CM86
jonjames992@gmail.com,##not##listedlanesunification69
robertd@gmail.com,lawstipswidowretailers
jewelcard@gmail.com,PureCryCard
brianerle@gmail.com,##consciousstatus##stadtgorgeous6
jasrobi@gmail.com,Supportingcollect##nstein18
sharonmac@gmail.com,pillarsurrenderSep##ville80
dward@gmail.com,1800sspokesmanVeracruz15
britripp@yahoo.com,consist##ans14331
margcharette@gmail.com,noteworthypreparations
wiltoncoll@gmail.com,helpfulsouthernmostMkLaurel
dmalcolm@gmail.com,348018David
gerabegle@gmail.com,915041Gerald
jboyd@gmail.com,352)94Julianne
joseplamar@gmail.com,canceledlimiting
marcuswis@gmail.com,Jeannegovernance
christianbowen938@gmail.com,##voutstuffeddefinitionsirregular34
wilhard54@yahoo.com,looking##motedeservestamp0
brianarthu95@gmail.com,extentHeavyweight
denisbal@yahoo.com,##vent##arneyMonacovisually21
tonyhill@gmail.com,##نBhutanniceOldham46
davivano@gmail.com,34491DVVanos
bettyisa05@gmail.com,Travelcommentatorsnorthwestern
raymill@gmail.com,=65468Ray
paufran@gmail.com,(42137Paula
williamo@gmail.com,relieskeys##ggio79
jennyholfo@gmail.com,(|qyoiYQ}56
davwoo@gmail.com,Goalbarge
pamelag@gmail.com,/50519Gri
kconte@gmail.com,47285Conte
barbaking@gmail.com,peWk;dUlEjH91
crobinson@gmail.com,JoanneHapoel
harvvarn@gmail.com,/40Varner34
emmandrews@gmail.com,647#62Andrews
pauhamilton27@gmail.com,Opusreinstated
loretbailey@gmail.com,honoursbeing
jrish048@gmail.com,visions1818Didn##word54
emilymayl@gmail.com,##trackaddition##physical54
concetorr@yahoo.co.uk,}74393Torres
micper@gmail.com,`80079Michel
garrluna@gmail.com,9ze3BXiqzvZZ7
lancmontgomery72@gmail.com,-QPO%kP%ifvd7
ryantolma@gmail.com,moanedinhaledCommunication
dvalentine@gmail.com,!77170Valenti
harocroc@gmail.com,Simmons##ceaspecification6
sbuettner@gmail.com,/85|29Stephen
williamfink@gmail.com,555[41Finkel
donaldray035@gmail.com,;65~80RRaymond
amypoul@gmail.com,##idycoarseambassadorvein14
kher@gmail.com,materialsdealingsBarclay
michaelbre@gmail.com,##tmentSheMoran##us81
delden@gmail.com,&86:1DDelana
christopherredd@gmail.com,##essedSwedenLe##lan82
frawest@gmail.com,Tucsondrinks##wningPakistani71
rdykas@gmail.com,+1856DyDykas
philhil@gmail.com,##ative##hards##ulata19
sharhanan0683@gmail.com,k7}Bli`ZoW6bKDa2
josbrow@gmail.com,e]R!hdH^E{7
wesforth@gmail.com,Lynn##zinensued42
arthurf@gmail.com,(76861Arthu
bessier089@gmail.com,#32=94Bessie
justins5293@gmail.com,}19529Justin
roymcwi@gmail.com,hopefullyalleyAgricultural
jhutchins2683@gmail.com,transportedCharge
elvaj@gmail.com,#40.45Jef
lylesiege@gmail.com,`46274Lyl
jeanstger6897@yahoo.co.uk,_46-96Je
elmohewlett@gmail.com,[9=22Hewl
joelvance8491@gmail.com,)62!82Vance
loihall@gmail.com,]30~57Lois
sarmille@gmail.com,~90582Sarah
danielm@gmail.com,AlainNewmarket##troke35
rayhard60@gmail.com,*8+39Hardy
stepund@gmail.com,9QvQO4DkCKG78
terrywooley@gmail.com,]96=7Ter
laurifisher@gmail.com,ashXLounge
pauledw@gmail.com,UtrechtBrandon
jasonkel@yahoo.com,~4099Jason
deborlope@gmail.com,"""28=1Deborah"
archiebrown@gmail.com,lean##ienHopkins73
joseh@gmail.com,&57_45Jose
mikeh@gmail.com,SoutheastNicaraguapickeddormitory
blatamayo@gmail.com,Lindsey##oat54
globinns@gmail.com,[5#94Binn
dawnsayers19@gmail.com,>46(14Dawn
stephaniem@yahoo.com,373488Martin
paulhrub@gmail.com,{42$68Paula
davidestrada@gmail.com,>67.71EDa
alexmcad@gmail.com,]3431Ale
jaywelch07165@gmail.com,443647Welch
chriboza@gmail.com,Meyrick##ING13
carcost@gmail.com,spokesmanJacksonville
jwilliams@gmail.com,<42334Will
scottburgos@gmail.com,Demon##ins83
stephenlang@gmail.com,}8824Lang
sandraturne@gmail.com,_QrPLdysIi#78
brunoreed@gmail.com,physicallyhistorically
chrislantz@gmail.com,##rifiedBone1920
dbradley@gmail.com,~16&84David
ritastanford@gmail.com,779)44Rita
ritamccain@gmail.com,passageobstacle##burg48
vroark@gmail.com,#52Vernaroark85
dpaxson@gmail.com,glidecrazyyouthfulmilestone
nicbroo@gmail.com,SirRoosevelt
shathom@gmail.com,resultingrape
robertmayse@gmail.com,superior##weed##acheslit54
mercebrown@gmail.com,v9BKI;ZoPcx38
antchil@gmail.com,regenerationStokesrebranded
samuelb@gmail.com,##raiMarriage##media##ndes85
annaguymo@gmail.com,167162GAnna
lbeck@gmail.com,938873Lis
charlsims@gmail.com,>44340Sims
bobbylind@gmail.com,Fritz##publishedLumpur##OR37
estebbutle@gmail.com,periodicalnearNetwork
janemroz@gmail.com,Ni]71;1Cq22aTYV43
amybod@gmail.com,-60062Amy
henrcisn07978@yahoo.com,_23_63Cisneros
michhamm@gmail.com,:28&30Hammo
robercruml@gmail.com,]36^22Cru
robertdepr@yahoo.com,":32""31RR"
lauragray@gmail.com,?80*53Laura
evenoh@gmail.com,dismaybailconsonantresistant
liliagil@gmail.com,129[28Lilia
dennisvautour@gmail.com,~93)94Vautou
mhair@gmail.com,seriallethal
barbajoh@gmail.com,/60610Barbara
marthe@gmail.com,youthsguardsproves##hore63
dalburris@gmail.com,parksMechanical
edwdavis@gmail.com,embarrassing##atch27
ryansaul@gmail.com,'rG}G(vjxA5Wr984
cgreene@gmail.com,Cathy;58
amorgan@gmail.com,?98'7Morg
rcalhoun@gmail.com,&77#23Calhoun
peterara@yahoo.com,`14(63Peter
timothyrrichardson1991@gmail.com,RooseveltFamily911*+
kjones@gmail.com,"""34_86Jones"
nikkimorris@gmail.com,childPiece##а80
jjohnston@gmail.com,|29?34Jolene
jacquelynsmi0713@gmail.com,Contestnominate
davidbrown@gmail.com,transformingemployers
davcap469@gmail.com,resourceSenseformidablerecordings
olivegri@gmail.com,n?#{K6+/0
barbwriedt@gmail.com,castelinked
jessicapulliam@gmail.com,##evićreactionsRosaaggregator18
wquintero@gmail.com,869092William
rosewilso@gmail.com,=49>68Ro
bconrad@gmail.com,Bettyconrad058
jacqulync@gmail.com,injuriesinstitutereviewhood
marmack@gmail.com,negotiateLaw##ask##turn76
hilmarussell088@gmail.com,Earliersurgeon##uminous##uin22
terrichards@gmail.com,!38768Terry
brakir@yahoo.com,Brasil##CC##ody17
roosparke@gmail.com,texturedisturbed##fining96
archiem75@gmail.com,ZjMcs%4ER!NgB3r&35
wilsim@gmail.com,##47##nson##lace71
homeseig@gmail.com,looselyOncetreatedBenin
chrispoe@gmail.com,]87031Chr
johnb@gmail.com,958;63John
andrevow@gmail.com,Contenthailed
jhart0859@yahoo.com,##iationwent52
paulthr06587@gmail.com,$27256Thr
cathtyle60@gmail.com,%55{43Tyler
dianem03331@gmail.com,546+63Diane
maryyager80@yahoo.com,?32250Mary
calkoran@gmail.com,gossiphe
angeguy@gmail.com,671960AAngela
kschwalbe@gmail.com,diskironended##oker64
ajames@gmail.com,Vilniussecret
elizebetht@gmail.com,882363Eli
daniewiggi@gmail.com,##ove##sticmovies48
lydiad0409@gmail.com,^57|96Lydia
wlucas0965@gmail.com,812282William
jamesgonez@gmail.com,392_43Gonez
nnunes@gmail.com,062155Nun
katmaldo24@gmail.com,thirteenthdistributionshouseRecorded
jmichaud@gmail.com,##tRulesprovision80
dpedersen@gmail.com,8p2X7<tAb@253
mdenmon@gmail.com,Butincorporates
roseyates@gmail.com,;92:77Ya
afoster@gmail.com,depressedsampled
cheryls@gmail.com,?48@55Swain
jennikin591@gmail.com,"""20722Jennifer"
troyh@gmail.com,*4931Troy
mhernandez@gmail.com,##nanOpusinjuries5
rosemoji@gmail.com,mindedinfancyStick
tonyaflow@gmail.com,;98437To
cedricodo@gmail.com,-13}47Odonnell
edwkoch@gmail.com,suspectedmigrantstastingRhythm
lenosch@gmail.com,*62333Schmidt
mmcdaniel92@gmail.com,2541882##ryn##teau53
dbrendel@gmail.com,&29=19Deborah
sarstarr@gmail.com,778}70Sara
juasmi873@gmail.com,763~75Smith
marwyman@gmail.com,Yemen##bent30
jessicab@gmail.com,collectsLink
lamontfreem@gmail.com,ahHobart
allansmit@gmail.com,AustinspacedHillsfrankly
johnher@gmail.com,noticeprosecuted
kimjames@gmail.com,RangerauKellan
donnacel@gmail.com,##hasBryanroadwayarches97
lynnbra@gmail.com,=97#83Lynn
jackspan@gmail.com,@5:42Jack
lesmuel@gmail.com,##è##istsRicaTeddy5
markl@gmail.com,optedpracticed
annegri@gmail.com,|80*29Annette
mspears@gmail.com,Velvet##minster54
julhuber@gmail.com,ample##sses##ends##zzi8
jamelopez@gmail.com,"r84YTYAsz,Bzi472"
johlane@gmail.com,431$8John
jarvismartin@gmail.com,"""hRrO,QSe83"
kristineb@gmail.com,smilingQualifiedYukon
lindalar@gmail.com,538818Linda
evelance@gmail.com,]14[78Evelyn
andleis@gmail.com,",58{90Lei"
chrifinan63@gmail.com,ZbLcCnDllvO
patricon@gmail.com,842`87Patric
sharontho@gmail.com,Sutton##aire86
wilsonhoskins@gmail.com,Eastmancharmingemotionally194972
stevenwald@gmail.com,SuttonsoldiersGaius
jacqudenny@gmail.com,structureMetropolisfabric
brenwien@gmail.com,}26190Br
diaallen@gmail.com,09&71Allen
joycenosek@gmail.com,Idahowallet
garyhun@gmail.com,",94'92Ga"
grichards@gmail.com,rumoursabsorbExpedition##ip28
stepmcnea@gmail.com,853{70Mcnea
ruthcraw0249@gmail.com,warnsnetwork
kathyteague85@gmail.com,8T.Q$'l[.PPWx|^88
gwilson2258@gmail.com,##OTroles##uding67
evabruton@gmail.com,\64=48BEv
fabbrow@gmail.com,466088Fabio
mikeguenther153@gmail.com,##viationkitchen52
carlah@gmail.com,paramilitarystandards##tad1
opapec@gmail.com,176_73Opal
stevenfahie@gmail.com,[27!4Ste
andrear@gmail.com,\2_26Russell
kareking@gmail.com,##men##janaenlisted19
jamebry@gmail.com,#24668Bryan
shawneetayl@gmail.com,413568STaylor
tiffanys@gmail.com,|4315TTiffany
krissab@gmail.com,KristieSabella_18
jerrmartinez@hotmail.com,$88}76MJerry
travispfis@gmail.com,Distinguishedweekday
miltgarza@gmail.com,filmbleeding
richardh8715@gmail.com,inscriptionwakes##runnertours59
charlhurt@gmail.com,08470Hurt
wanneal@gmail.com,663)19Neal
barbwest@gmail.com,ascentJameson
jhill@gmail.com,740]29Johnny
trevosal@gmail.com,##headcaresMetz55
rbarner531@yahoo.co.uk,BluesOlafya
barbarac@gmail.com,affiliation##♭##onized80
barbarogers@gmail.com,140[44Rogers
lakedim@yahoo.co.uk,##donburstinghealmedian79
johngarne@gmail.com,AustinHawthorne##astic46
violemora@gmail.com,660;33Mo
olefree@gmail.com,sageexoticJakartaManufacturing
marceada50@yahoo.co.uk,preparatoryfortunatego
anniesalas@gmail.com,AnnieAnnieSalas
cham@yahoo.co.uk,##saurMonsters36
rebeccar@gmail.com,preferencefootagepenetratingdrew
marywill@gmail.com,>18[58Willi
antonbadg@gmail.com,##DEresigned##cted##upation31
rubyobryant@gmail.com,_14$65Rub
shantaes0486@gmail.com,(67961Ske
kenndou@gmail.com,Sovereignflickedlabelled
dianeharm@gmail.com,Carrollplugsaxophonistturn
wilpaga@gmail.com,=87&56Pag
stephenste@gmail.com,##eersenclosed66
marjvaz@gmail.com,<64380Vazquez
barbaranowle077@gmail.com,Reynerve##tian56
kims@gmail.com,installationsprovincelionpole
kathlruss@gmail.com,smallevelaundry
manueramos@gmail.com,590810Manuel
gerardor638@gmail.com,919782Redmann
janehall@gmail.com,"B8/G,as$a15"
charless@yahoo.co.uk,transgenderBatman
renehanna@gmail.com,`87%83RHan
philikirch@gmail.com,3yifTKZo439
petehawki@gmail.com,?{g8j@X224
benmca@gmail.com,Almost2007Museums##dating84
ashleygro@gmail.com,AJfavouriteSovereign
johnsykes@gmail.com,parachuteDiscovery
bregish0695@gmail.com,##nor##sburgSand##al81
chunhearn@gmail.com,beltsgossip
justgoll@yahoo.co.uk,VikingsConservativesSpectrum
ericahous@gmail.com,nt0AbnZ-1gT~G15
geraldinegrant@gmail.com,^75.54Grant
jhazelton@gmail.com,957$46Hazelton
willsal@yahoo.com,.24[84Saldana
ldalporto@gmail.com,staging##ricks57
jaynegri@gmail.com,SpainsurroundingsbreakfastAragon
josepquil@gmail.com,qX*4LrT54Id`PHw72
judyt613@gmail.com,889'3Judy
zacharyashcraft@gmail.com,#27:35Zachary
chrispage@gmail.com,37680Chris
kevinbar@gmail.com,338:59Ba
deloriss0@yahoo.com,736=9SDeloris
rlinney@gmail.com,556{97Lin
lfarnsworth50@gmail.com,##dom##tractedGuillermo67
clarjensen@gmail.com,kR/u~\SdAVe4y68
maureenedwa@gmail.com,$79777Edward
jasobrock@gmail.com,!7-9BrBBrock
csaunders494@gmail.com,"""2!11Celina"
toddsmi@gmail.com,(80983Smith
chrinixon08830@gmail.com,56$10Nixon
michosb@gmail.com,'77!50Michal
ralphhei6804@gmail.com,##ventreplacingasleepScholarship46
larsolo@gmail.com,~B6yL5DSt9@WyNS39
latosmiser@gmail.com,|74(4Lat
jesupetitti@gmail.com,protruding10912
rcouts@gmail.com,<59@21Robert
scottbrehm@gmail.com,barriersunmarriedMixedRemix
franadam123@gmail.com,`4(42FrFrank
dans@gmail.com,declare##ils##itiflats65
estherb@gmail.com,926)20Esther
lanceleffe@gmail.com,##guinwilledSeveralPhelps49
amandaj@yahoo.com,gaugepaddlepageant
petekawachi@gmail.com,;39_92Peter
chricobb1232@gmail.com,j/gL})'K05Mej65
tonypad@gmail.com,[80913Tony
briand@gmail.com,]66654Dunn
dlee@gmail.com,fixturerelationshipsreflectsmelodies
marical@gmail.com,#83372Cal
matthews85@gmail.com,sarcasmnecessity##mized5
hannmch@gmail.com,.61.16Ha
antoniocoley@gmail.com,;54!23Coley
tcrew@gmail.com,BenMeadows
lisabeau017@gmail.com,propellerpiratessculpture##gaon21
jerrodwol@gmail.com,397?81Jerro
janchand@gmail.com,##aiaMinnesotaCorridor70
pettotma@yahoo.com,Gradescacheherselfcap
evas01635@gmail.com,metreProvinces
roberveenstra@gmail.com,attemptsbranchcomposure
kthompson@gmail.com,##llingemploy##ceded90
presfen067@gmail.com,FKfictionalplaced
annthomason@gmail.com,#93)20Ann
dsynder@gmail.com,>16{9Synde
cstevens@yahoo.com,Winningcurtains##fredlowered18
kennycampa567@gmail.com,879;30CCampana
luthers@gmail.com,animationglancing##aclesIndy26
elimcin@gmail.com,JurySmiling
clowery@gmail.com,>4\96CCraig
cartal@gmail.com,exitssponsors##st92
dixidiez8787@gmail.com,)MNC5[2Mz@w!w0w62
jesdawso@gmail.com,perspectivegas156##gill25
jamiedeal@gmail.com,/18475Jam
malcolmgai@gmail.com,EducationalNightingale
johnlan@gmail.com,265;23Joh
weslealdr@gmail.com,_99762Wesle
josepcooper@yahoo.com,memorablerushesawake
thomar@gmail.com,`56949Mar
alynch@gmail.com,grandprotested
ronnsimps@gmail.com,444_94Sim
walterb@gmail.com,450.19Walter
harolcollis@gmail.com,]12`50HHarold
swoodward64@gmail.com,878&5Woo
daniandrews@gmail.com,?50#32ADaniel
lindaschwartz@gmail.com,Amnesty##rock2
rosbel@gmail.com,AIslowed
joesulik@gmail.com,209##wy##aen45
donalds05247@gmail.com,?57+62Dona
jefbest@gmail.com,'28217BBest
denvasqu@gmail.com,zutrL*SS922
lindsav@gmail.com,/7269Linda
rgallegos69@gmail.com,CostelloSpence
acleary802@gmail.com,\45940Amy
julpike@gmail.com,=0/39Julieta
dorotheag@gmail.com,Plus##olartestimony9
samujuare56@hotmail.com,ZsRZEmCx
josebaldwin@gmail.com,problempuzzles
lerosinkf27@gmail.com,DollpursuedDuchyHalle
jamesbrat@gmail.com,)72=57Bratcher
haydeethorp5617@gmail.com,##iebelongingsprotect16
bregors@gmail.com,uRYH6iHz&*62
mikefrost@gmail.com,Mike?7MMike
jackferna@gmail.com,587335Fernand
annedge@gmail.com,Caesardivideconservation
wendmcguire@gmail.com,##riesOaksEmeritussynonymous90
arnoldn@gmail.com,couples##eral76
lydlut07886@gmail.com,svWPF=f5Q!UJjAP37
sarahpender@gmail.com,outbreak##GBlikelihood68
victclements@gmail.com,629?30Clement
virginiab@gmail.com,?26;57Booker
pattifreeman@gmail.com,Pattifreeman078
carlamcgillivray@gmail.com,356*49Mc
georburro@gmail.com,##14nakedsubsequent64
franceswork@gmail.com,494>9Work
jamesrentz@gmail.com,95527James
louislocke@gmail.com,managerCreditspear
hectork0208@gmail.com,"X%99iap6>\"">65"
thomash77@gmail.com,0D&ttNZ%4>lV65
lucillec@gmail.com,274^98Luci
noramoore@gmail.com,]46+77Moore
cecelgonza@gmail.com,=Tt=&j!Cl32
aftongome@gmail.com,##itoHenleySudan29
coratan214@gmail.com,8ulg_^{sCu\<G49
johlem@gmail.com,+17[22John
johnrey@gmail.com,physicsremarkdwellreformed
